,Unnamed: 0,trial,sentence,condition,interference,transition,violation,trigger_number,filler,quantity,tokens,token_scores,sentence_score
11043,11043,11043,The builder that detests the gentle lovely woman lie.,full,constructive,rough,yes,singular,no,,"['The', 'Ġbuilder', 'Ġthat', 'Ġdet', 'ests', 'Ġthe', 'Ġgentle', 'Ġlovely', 'Ġwoman', 'Ġlie', '.', '<|endoftext|>']","[0.037699710577726364, 1.896800495160278e-05, 0.0048370445147156715, 3.560681943781674e-05, 0.04926206171512604, 0.15420439839363098, 2.0743304048664868e-05, 1.0170828318223357e-05, 0.013724584132432938, 4.5582987695524935e-06, 0.0034464250784367323, 0.004849237855523825]",0.0041417347965762
2530,2530,2530,The plumber that loves the helpful proud lawyer prays.,full,constructive,smooth,no,singular,no,,"['The', 'Ġpl', 'umber', 'Ġthat', 'Ġloves', 'Ġthe', 'Ġhelpful', 'Ġproud', 'Ġlawyer', 'Ġpr', 'ays', '.', '<|endoftext|>']","[0.037699710577726364, 5.06484393554274e-05, 0.06936445087194443, 0.0031562538351863623, 0.0010230920743197203, 0.07030616700649261, 5.2406489885470364e-06, 3.2061956289908267e-07, 5.804480315418914e-05, 3.991731864516623e-05, 0.24573642015457153, 0.033984486013650894, 0.0077545600943267345]",0.0031562538351863
15363,15363,15363,The chefs that love the helpful nice plumbers lies.,full,constructive,rough,yes,plural,no,,"['The', 'Ġchefs', 'Ġthat', 'Ġlove', 'Ġthe', 'Ġhelpful', 'Ġnice', 'Ġpl', 'umbers', 'Ġlies', '.', '<|endoftext|>']","[0.037699710577726364, 6.014487553329673e-06, 0.009196200408041477, 0.0058712949976325035, 0.042141057550907135, 3.2211412417382235e-06, 2.3683633116888814e-05, 0.00027656578458845615, 0.002218568231910467, 3.2526772884011734e-06, 0.018327239900827408, 0.0061033181846141815]",0.0040449316147714
12433,12433,12433,The barbers that detest the lovely careless painters sing.,full,constructive,smooth,no,plural,no,,"['The', 'Ġbar', 'bers', 'Ġthat', 'Ġdet', 'est', 'Ġthe', 'Ġlovely', 'Ġcareless', 'Ġpain', 'ters', 'Ġsing', '.', '<|endoftext|>']","[0.037699710577726364, 0.00015501985035371035, 0.021894624456763268, 6.222881347639486e-05, 1.2264243196113966e-05, 0.5078377723693848, 0.13860704004764557, 7.242499850690365e-05, 1.8700370674196165e-06, 0.0001885482488432899, 0.6236963272094727, 1.1497569175844546e-05, 0.026273800060153008, 0.0076158372685313225]",0.0039021927586873
7949,7949,7949,The farmer that likes the man the least run.,interpolation,constructive,absent,yes,singular,no,subtractive,"['The', 'Ġfarmer', 'Ġthat', 'Ġlikes', 'Ġthe', 'Ġman', 'Ġthe', 'Ġleast', 'Ġrun', '.', '<|endoftext|>']","[0.037699710577726364, 3.362503775861114e-05, 0.005959069821983576, 0.00024095273693092167, 0.05201701447367668, 0.0007987264543771744, 0.002077721990644932, 0.0032597749959677458, 1.4730430848430842e-05, 0.02153964526951313, 0.00965902954339981]",0.0032597749959677
4740,4740,4740,The judge who dislikes the pilot very much runs.,interpolation,constructive,absent,no,singular,no,additive,"['The', 'Ġjudge', 'Ġwho', 'Ġdisl', 'ikes', 'Ġthe', 'Ġpilot', 'Ġvery', 'Ġmuch', 'Ġruns', '.', '<|endoftext|>']","[0.037699710577726364, 0.0002764117962215096, 0.09193785488605499, 2.2851595531392377e-06, 0.8160143494606018, 0.13734804093837738, 0.00024277031479869038, 4.200857802061364e-05, 0.9046593308448792, 7.197770901257172e-05, 0.0018062170129269361, 0.005883985664695501]",0.0038451013388112
13572,13572,13572,The athletes who like the actors very little sings.,interpolation,constructive,absent,yes,plural,no,subtractive,"['The', 'Ġathletes', 'Ġwho', 'Ġlike', 'Ġthe', 'Ġactors', 'Ġvery', 'Ġlittle', 'Ġsings', '.', '<|endoftext|>']","[0.037699710577726364, 1.3565753761213273e-05, 0.09707609564065933, 0.00031984434463083744, 0.044888876378536224, 6.432695954572409e-06, 0.00025562546215951443, 0.003919788636267185, 4.48925305818193e-07, 0.0792662650346756, 0.004746673163026571]",0.0039197886362671
11147,11147,11147,The farmers who hate the bakers the most swim.,interpolation,constructive,absent,no,plural,no,additive,"['The', 'Ġfarmers', 'Ġwho', 'Ġhate', 'Ġthe', 'Ġb', 'akers', 'Ġthe', 'Ġmost', 'Ġswim', '.', '<|endoftext|>']","[0.037699710577726364, 2.8837483114330098e-05, 0.11025957763195038, 0.00011912747140740976, 0.18731474876403809, 0.0006629914278164506, 0.010751694440841675, 0.0010370885720476508, 0.6657981276512146, 3.5730332115235797e-07, 0.003079002257436514, 0.004340068437159061]",0.0037095353472977
6395,6395,6395,The pilot who detests the funny friendly bakers lie.,full,destructive,smooth,yes,singular,no,,"['The', 'Ġpilot', 'Ġwho', 'Ġdet', 'ests', 'Ġthe', 'Ġfunny', 'Ġfriendly', 'Ġb', 'akers', 'Ġlie', '.', '<|endoftext|>']","[0.037699710577726364, 0.00018929631914943457, 0.0036530038341879845, 1.5400537449750118e-05, 0.005445119459182024, 0.16111484169960022, 9.538803169562016e-06, 2.65966400547768e-06, 0.000556012149900198, 0.006143120117485523, 2.5072222342714667e-05, 0.030673157423734665, 0.00650071632117033]",0.0036530038341879
293,293,293,The teacher who hates the charming lovely barbers lies.,full,destructive,rough,no,singular,no,,"['The', 'Ġteacher', 'Ġwho', 'Ġhates', 'Ġthe', 'Ġcharming', 'Ġlovely', 'Ġbar', 'bers', 'Ġlies', '.', '<|endoftext|>']","[0.037699710577726364, 7.631941116414964e-05, 0.1632567197084427, 2.3171745851868764e-05, 0.08005879819393158, 2.2012577574059833e-06, 2.8802522137993947e-05, 0.00011625873594311997, 0.036143191158771515, 8.949018024395627e-07, 0.07612849771976471, 0.007592515088617802]",0.0038543869122804
3252,3252,3252,The bankers that detest the charming kind judge lies.,full,destructive,smooth,yes,plural,no,,"['The', 'Ġbankers', 'Ġthat', 'Ġdet', 'est', 'Ġthe', 'Ġcharming', 'Ġkind', 'Ġjudge', 'Ġlies', '.', '<|endoftext|>']","[0.037699710577726364, 8.146033906086814e-06, 0.010504795238375664, 1.6512158254045062e-05, 0.635408341884613, 0.2178690880537033, 5.889722274332598e-07, 0.0001738008577376604, 7.295959676412167e-06, 7.9997320426628e-05, 0.09401474893093109, 0.008012261241674423]",0.004093031049706
8432,8432,8432,The actors that detest the lovely kind man pray.,full,destructive,rough,no,plural,no,,"['The', 'Ġactors', 'Ġthat', 'Ġdet', 'est', 'Ġthe', 'Ġlovely', 'Ġkind', 'Ġman', 'Ġpray', '.', '<|endoftext|>']","[0.037699710577726364, 2.6195199097855948e-05, 0.006921032443642616, 4.7492198973486666e-06, 0.41180115938186646, 0.13529141247272491, 7.931813343020622e-06, 0.0002589407959021628, 0.0005634704139083624, 1.643937866901979e-05, 0.018314242362976074, 0.008468834683299065]",0.0037422514287754
687,687,687,The woman who likes the barbers very much swim.,interpolation,destructive,absent,yes,singular,no,additive,"['The', 'Ġwoman', 'Ġwho', 'Ġlikes', 'Ġthe', 'Ġbar', 'bers', 'Ġvery', 'Ġmuch', 'Ġswim', '.', '<|endoftext|>']","[0.037699710577726364, 0.0005347932456061244, 0.26382583379745483, 4.171506952843629e-05, 0.01688152737915516, 0.0004804070631507784, 0.05181026831269264, 1.1403395546949469e-05, 0.9706244468688965, 4.676338903664146e-06, 0.0017693433910608292, 0.00661180866882205]",0.0041905760299414
5495,5495,5495,The lawyer that dislikes the builders the most runs.,interpolation,destructive,absent,no,singular,no,additive,"['The', 'Ġlawyer', 'Ġthat', 'Ġdisl', 'ikes', 'Ġthe', 'Ġbuilders', 'Ġthe', 'Ġmost', 'Ġruns', '.', '<|endoftext|>']","[0.037699710577726364, 9.883702296065167e-05, 0.004011549986898899, 9.914355132423225e-07, 0.8135154247283936, 0.1216529905796051, 7.577833457617089e-06, 0.0012523331679403782, 0.18245702981948853, 0.0001229887129738927, 0.0017990379128605127, 0.0071383328177034855]",0.0029052939498797
8135,8135,8135,The bakers that like the judge very little runs.,interpolation,destructive,absent,yes,plural,no,subtractive,"['The', 'Ġb', 'akers', 'Ġthat', 'Ġlike', 'Ġthe', 'Ġjudge', 'Ġvery', 'Ġlittle', 'Ġruns', '.', '<|endoftext|>']","[0.037699710577726364, 0.00015020568389445543, 0.006068031303584576, 0.002866247436031699, 0.0007751628290861845, 0.03921136632561684, 9.727978067530785e-06, 0.00017861879314295948, 0.006076972931623459, 3.9455408114008605e-06, 0.02278931252658367, 0.0035621803253889084]",0.0032142138807103
159,159,159,The teachers that love the baker the least lie.,interpolation,destructive,absent,no,plural,no,subtractive,"['The', 'Ġteachers', 'Ġthat', 'Ġlove', 'Ġthe', 'Ġbaker', 'Ġthe', 'Ġleast', 'Ġlie', '.', '<|endoftext|>']","[0.037699710577726364, 2.6793088181875646e-05, 0.004184516612440348, 0.0010524162789806724, 0.05566918104887009, 3.228941068300628e-06, 0.0017897014040499926, 0.022948257625102997, 6.912687967997044e-05, 0.10984647274017334, 0.006069420371204615]",0.0041845166124403
12425,12425,12425,The athlete who walks elegantly yet quite slowly sing.,control,absent,absent,yes,singular,no,,"['The', 'Ġathlete', 'Ġwho', 'Ġwalks', 'Ġeleg', 'antly', 'Ġyet', 'Ġquite', 'Ġslowly', 'Ġsing', '.', '<|endoftext|>']","[0.037699710577726364, 2.032828524534125e-05, 0.08589579910039902, 0.00023312107077799737, 7.540059868915705e-06, 0.9995499849319458, 0.00010359848965890706, 0.0006943957414478064, 0.005375321488827467, 1.4424483197217342e-05, 0.00643268134444952, 0.00823273602873087]",0.0030348586151376
2592,2592,2592,The doctor who laughs slowly yet rather elegantly prays.,control,absent,absent,no,singular,no,,"['The', 'Ġdoctor', 'Ġwho', 'Ġlaughs', 'Ġslowly', 'Ġyet', 'Ġrather', 'Ġeleg', 'antly', 'Ġpr', 'ays', '.', '<|endoftext|>']","[0.037699710577726364, 0.00014899585221428424, 0.19772610068321228, 2.418531039438676e-06, 3.737631777767092e-05, 0.0002839485532604158, 0.00017468887381255627, 0.0029162527061998844, 0.9995652437210083, 2.7796284484793432e-05, 0.6082545518875122, 0.03454653546214104, 0.00702712731435895]",0.0029162527061998
5198,5198,5198,The chefs who run slowly yet fairly quietly sings.,control,absent,absent,yes,plural,no,,"['The', 'Ġchefs', 'Ġwho', 'Ġrun', 'Ġslowly', 'Ġyet', 'Ġfairly', 'Ġquietly', 'Ġsings', '.', '<|endoftext|>']","[0.037699710577726364, 6.014487553329673e-06, 0.07320870459079742, 0.006357980892062187, 4.7753069338796195e-06, 0.0004415700095705688, 0.0004585755232255906, 0.0035279933363199234, 2.5455372565375e-07, 0.020587800070643425, 0.003981425426900387]",0.0035279933363199
9679,9679,9679,The plumbers that walk elegantly yet fairly quickly cook.,control,absent,absent,no,plural,no,,"['The', 'Ġpl', 'umbers', 'Ġthat', 'Ġwalk', 'Ġeleg', 'antly', 'Ġyet', 'Ġfairly', 'Ġquickly', 'Ġcook', '.', '<|endoftext|>']","[0.037699710577726364, 5.06484393554274e-05, 0.019695740193128586, 0.005841181147843599, 0.000945375650189817, 1.5107324315977166e-06, 0.9997444748878479, 2.6472858735360205e-05, 0.000548098178114742, 0.011003976687788963, 8.729555702302605e-06, 0.015004320070147514, 0.0030894733499735594]",0.0030894733499735
10684,10684,10684,The vet that loves the gentle happy barber cook.,full,constructive,rough,yes,singular,no,,"['The', 'Ġvet', 'Ġthat', 'Ġloves', 'Ġthe', 'Ġgentle', 'Ġhappy', 'Ġbar', 'ber', 'Ġcook', '.', '<|endoftext|>']","[0.037699710577726364, 7.86978671385441e-06, 0.005017656832933426, 0.0007885481463745236, 0.048610009253025055, 0.00012431984941940755, 3.5788205423159525e-05, 0.0002561858273111284, 0.058247849345207214, 1.6042082506828592e-06, 0.026078684255480766, 0.013841940090060234]",0.0029031024896539
10031,10031,10031,The actor that loves the clever friendly man swims.,full,constructive,smooth,no,singular,no,,"['The', 'Ġactor', 'Ġthat', 'Ġloves', 'Ġthe', 'Ġclever', 'Ġfriendly', 'Ġman', 'Ġswim', 's', '.', '<|endoftext|>']","[0.037699710577726364, 0.0002429982414469123, 0.0018013590015470982, 0.0005397448549047112, 0.04779617488384247, 4.055582394357771e-05, 2.2500232716993196e-06, 0.009445938281714916, 5.330939529812895e-06, 0.042423319071531296, 0.006336092948913574, 0.008689865469932556]",0.0040687259752303
6497,6497,6497,The chefs that detest the helpful lazy actors smokes.,full,constructive,rough,yes,plural,no,,"['The', 'Ġchefs', 'Ġthat', 'Ġdet', 'est', 'Ġthe', 'Ġhelpful', 'Ġlazy', 'Ġactors', 'Ġsmokes', '.', '<|endoftext|>']","[0.037699710577726364, 6.014487553329673e-06, 0.009196200408041477, 6.036691956978757e-06, 0.5533532500267029, 0.1458091139793396, 1.094500930776121e-06, 4.3148731492692605e-05, 6.409356137737632e-05, 2.205535025723293e-07, 0.036030858755111694, 0.008393960073590279]",0.0042290268174838
14389,14389,14389,The lawyers that hate the funny cool plumbers pray.,full,constructive,smooth,no,plural,no,,"['The', 'Ġlawyers', 'Ġthat', 'Ġhate', 'Ġthe', 'Ġfunny', 'Ġcool', 'Ġpl', 'umbers', 'Ġpray', '.', '<|endoftext|>']","[0.037699710577726364, 4.672578870668076e-05, 0.005923125892877579, 4.5438391680363566e-05, 0.09801827371120453, 9.31662907532882e-06, 3.5310324165038764e-05, 4.533970059128478e-05, 0.03264094516634941, 2.5777868359000422e-05, 0.006974357180297375, 0.007611596956849098]",0.0029849258407921
7880,7880,7880,The teacher that likes the baker very much cheat.,interpolation,constructive,absent,yes,singular,no,additive,"['The', 'Ġteacher', 'Ġthat', 'Ġlikes', 'Ġthe', 'Ġbaker', 'Ġvery', 'Ġmuch', 'Ġcheat', '.', '<|endoftext|>']","[0.037699710577726364, 7.631941116414964e-05, 0.0032341359183192253, 0.00015021256695035845, 0.030271774157881737, 4.622986580216093e-06, 0.00048551030340604484, 0.9562910199165344, 2.801960761189548e-07, 0.05218356475234032, 0.006716493517160416]",0.0032341359183192
14261,14261,14261,The waiter that likes the banker the least smokes.,interpolation,constructive,absent,no,singular,no,subtractive,"['The', 'Ġwaiter', 'Ġthat', 'Ġlikes', 'Ġthe', 'Ġbanker', 'Ġthe', 'Ġleast', 'Ġsmokes', '.', '<|endoftext|>']","[0.037699710577726364, 8.850534868543036e-06, 0.0039015887305140495, 0.0002277173480251804, 0.036794379353523254, 2.6422098926559556e-06, 0.0034886470530182123, 0.02925870753824711, 3.00380861517624e-06, 0.0689450055360794, 0.006483529228717089]",0.003901588730514
1533,1533,1533,The chefs who hate the painters the least lies.,interpolation,constructive,absent,yes,plural,no,subtractive,"['The', 'Ġchefs', 'Ġwho', 'Ġhate', 'Ġthe', 'Ġpain', 'ters', 'Ġthe', 'Ġleast', 'Ġlies', '.', '<|endoftext|>']","[0.037699710577726364, 6.014487553329673e-06, 0.07320870459079742, 9.4443435955327e-05, 0.09404847025871277, 0.0007721937727183104, 0.0016914005391299725, 0.0013013365678489208, 0.01186586357653141, 1.6043061350501375e-06, 0.018880611285567284, 0.006618066690862179]",0.004154733614996
7369,7369,7369,The pilots who dislike the bakers very little cheat.,interpolation,constructive,absent,no,plural,no,subtractive,"['The', 'Ġpilots', 'Ġwho', 'Ġdislike', 'Ġthe', 'Ġb', 'akers', 'Ġvery', 'Ġlittle', 'Ġcheat', '.', '<|endoftext|>']","[0.037699710577726364, 1.685904135229066e-05, 0.03067409247159958, 3.730436674231896e-06, 0.19754818081855774, 0.00022480179904960096, 0.002912272932007909, 0.0003074083069805056, 0.004001859575510025, 1.1707801604643464e-05, 0.12505681812763214, 0.002976085990667343]",0.0029441794613376
13273,13273,13273,The waiter who loves the proud young barbers smoke.,full,destructive,smooth,yes,singular,no,,"['The', 'Ġwaiter', 'Ġwho', 'Ġloves', 'Ġthe', 'Ġproud', 'Ġyoung', 'Ġbar', 'bers', 'Ġsmoke', '.', '<|endoftext|>']","[0.037699710577726364, 8.850534868543036e-06, 0.06101249158382416, 0.0001485996472183615, 0.04435456916689873, 2.7900696295546368e-06, 0.0017356574535369873, 0.0013590111630037427, 0.028428807854652405, 7.414862324139904e-08, 0.03133043646812439, 0.006225594785064459]",0.0039806261193007
7528,7528,7528,The athlete that likes the friendly kind tailors sings.,full,destructive,rough,no,singular,no,,"['The', 'Ġathlete', 'Ġthat', 'Ġlikes', 'Ġthe', 'Ġfriendly', 'Ġkind', 'Ġtail', 'ors', 'Ġsings', '.', '<|endoftext|>']","[0.037699710577726364, 2.032828524534125e-05, 0.005116582382470369, 0.0003883841563947499, 0.03633340448141098, 2.220530222984962e-05, 0.000641085091046989, 8.516997695551254e-06, 0.01907244138419628, 5.509653419721872e-06, 0.051858119666576385, 0.00932329148054123]",0.0028788337367586
9195,9195,9195,The builders that detest the nice careless woman lies.,full,destructive,smooth,yes,plural,no,,"['The', 'Ġbuilders', 'Ġthat', 'Ġdet', 'est', 'Ġthe', 'Ġnice', 'Ġcareless', 'Ġwoman', 'Ġlies', '.', '<|endoftext|>']","[0.037699710577726364, 1.1416104825912043e-05, 0.005723091773688793, 1.544265978736803e-05, 0.12609535455703735, 0.21906833350658417, 6.579898035852239e-05, 1.7152570990219829e-06, 0.001504839165136218, 3.992919664597139e-05, 0.0806233286857605, 0.006786805111914873]",0.0036139654694125
7979,7979,7979,The chefs that dislike the helpful proud man swim.,full,destructive,rough,no,plural,no,,"['The', 'Ġchefs', 'Ġthat', 'Ġdislike', 'Ġthe', 'Ġhelpful', 'Ġproud', 'Ġman', 'Ġswim', '.', '<|endoftext|>']","[0.037699710577726364, 6.014487553329673e-06, 0.009196200408041477, 8.853574399836361e-06, 0.12403912842273712, 1.8790327658280148e-06, 2.0139313505751488e-07, 0.017444666475057602, 1.4188831300998572e-05, 0.003434534417465329, 0.008915848098695278]",0.0034345344174653
10465,10465,10465,The doctor who detests the tailors the least swim.,interpolation,destructive,absent,yes,singular,no,subtractive,"['The', 'Ġdoctor', 'Ġwho', 'Ġdet', 'ests', 'Ġthe', 'Ġtail', 'ors', 'Ġthe', 'Ġleast', 'Ġswim', '.', '<|endoftext|>']","[0.037699710577726364, 0.00014899585221428424, 0.19772610068321228, 9.474180842516944e-06, 0.2025788128376007, 0.11901000887155533, 2.3315918951993808e-05, 0.12412811815738678, 0.0007121221860870719, 0.00028520781779661775, 1.5094190075615188e-06, 0.0038372045382857323, 0.009987028315663338]",0.0038372045382857
10715,10715,10715,The tailor that detests the doctors the most runs.,interpolation,destructive,absent,no,singular,no,additive,"['The', 'Ġtailor', 'Ġthat', 'Ġdet', 'ests', 'Ġthe', 'Ġdoctors', 'Ġthe', 'Ġmost', 'Ġruns', '.', '<|endoftext|>']","[0.037699710577726364, 2.2267468011705205e-06, 0.00537286140024662, 2.6977693778462708e-05, 0.26480183005332947, 0.12154444307088852, 8.957497630035505e-05, 0.0007681687129661441, 0.011082584038376808, 0.00032335295691154897, 0.003102488350123167, 0.008232799358665943]",0.0042376748751848
253,253,253,The teachers who detest the doctor very little runs.,interpolation,destructive,absent,yes,plural,no,subtractive,"['The', 'Ġteachers', 'Ġwho', 'Ġdet', 'est', 'Ġthe', 'Ġdoctor', 'Ġvery', 'Ġlittle', 'Ġruns', '.', '<|endoftext|>']","[0.037699710577726364, 2.6793088181875646e-05, 0.07358163595199585, 2.4032564397202805e-05, 0.6562514305114746, 0.16707469522953033, 0.00018223069491796196, 1.6362424503313377e-05, 0.006010574754327536, 5.568921892518119e-07, 0.001582204014994204, 0.00439749751240015]",0.0029898507636971
14416,14416,14416,The judges that dislike the author very little smoke.,interpolation,destructive,absent,no,plural,no,subtractive,"['The', 'Ġjudges', 'Ġthat', 'Ġdislike', 'Ġthe', 'Ġauthor', 'Ġvery', 'Ġlittle', 'Ġsmoke', '.', '<|endoftext|>']","[0.037699710577726364, 4.469197665457614e-05, 0.005536440759897232, 5.158101430424722e-06, 0.1479601413011551, 0.00029541298863478005, 0.0005232823314145207, 0.0038002619985491037, 2.6522475309320726e-06, 0.2006881982088089, 0.007597962394356728]",0.0038002619985491
11864,11864,11864,The athlete that runs slowly albeit quite quietly cheat.,control,absent,absent,yes,singular,no,,"['The', 'Ġathlete', 'Ġthat', 'Ġruns', 'Ġslowly', 'Ġalbeit', 'Ġquite', 'Ġquietly', 'Ġcheat', '.', '<|endoftext|>']","[0.037699710577726364, 2.032828524534125e-05, 0.005116582382470369, 0.0034256891813129187, 0.00010651502816472203, 9.21757600735873e-06, 0.003321761265397072, 0.007092136889696121, 1.1218713069638397e-07, 0.013455430045723915, 0.003435818711295724]",0.0034256891813129
702,702,702,The doctor who drives slowly although quite quickly prays.,control,absent,absent,no,singular,no,,"['The', 'Ġdoctor', 'Ġwho', 'Ġdrives', 'Ġslowly', 'Ġalthough', 'Ġquite', 'Ġquickly', 'Ġpr', 'ays', '.', '<|endoftext|>']","[0.037699710577726364, 0.00014899585221428424, 0.19772610068321228, 6.739379750797525e-05, 2.879658859455958e-05, 1.742741369525902e-05, 0.0007462008506990969, 0.013176366686820984, 0.00011444320989539847, 0.14639151096343994, 0.03604845702648163, 0.006589902099221945]",0.0036680514749605
4931,4931,4931,The waiters that drive elegantly although fairly quietly swims.,control,absent,absent,yes,plural,no,,"['The', 'Ġwait', 'ers', 'Ġthat', 'Ġdrive', 'Ġeleg', 'antly', 'Ġalthough', 'Ġfairly', 'Ġquietly', 'Ġswim', 's', '.', '<|endoftext|>']","[0.037699710577726364, 8.717281161807477e-05, 0.012124985456466675, 0.0026961672119796276, 0.004620507825165987, 5.456693088490283e-06, 0.993926465511322, 7.773473953420762e-06, 0.0005208884249441326, 0.0012144698994234204, 1.039456037688069e-05, 0.015466205775737762, 0.014082248322665691, 0.003151417477056384]",0.002923792344518
6913,6913,6913,The plumbers that drive elegantly though rather happily cheat.,control,absent,absent,no,plural,no,,"['The', 'Ġpl', 'umbers', 'Ġthat', 'Ġdrive', 'Ġeleg', 'antly', 'Ġthough', 'Ġrather', 'Ġhappily', 'Ġcheat', '.', '<|endoftext|>']","[0.037699710577726364, 5.06484393554274e-05, 0.019695740193128586, 0.005841181147843599, 0.004350445233285427, 1.8286838212588918e-06, 0.9591553211212158, 0.0005946917808614671, 8.957360842032358e-05, 1.7974858565139584e-05, 4.260974947101204e-06, 0.03913530334830284, 0.012222647666931152]",0.0043504452332854
8720,8720,8720,The doctor who dislikes the kind careless farmer lie.,full,constructive,rough,yes,singular,no,,"['The', 'Ġdoctor', 'Ġwho', 'Ġdisl', 'ikes', 'Ġthe', 'Ġkind', 'Ġcareless', 'Ġfarmer', 'Ġlie', '.', '<|endoftext|>']","[0.037699710577726364, 0.00014899585221428424, 0.19772610068321228, 8.519207767676562e-06, 0.03715446963906288, 0.10257973521947861, 0.00047745832125656307, 4.561710227335425e-07, 0.00010388342343503609, 4.11070277550607e-06, 0.01479493360966444, 0.00788834411650896]",0.0041829012188827
3022,3022,3022,The builder who dislikes the careless helpful tailor swims.,full,constructive,smooth,no,singular,no,,"['The', 'Ġbuilder', 'Ġwho', 'Ġdisl', 'ikes', 'Ġthe', 'Ġcareless', 'Ġhelpful', 'Ġtailor', 'Ġswim', 's', '.', '<|endoftext|>']","[0.037699710577726364, 1.896800495160278e-05, 0.03773438557982445, 2.39308355958201e-05, 0.4147302508354187, 0.18200519680976868, 9.189277989207767e-06, 5.293347271617677e-07, 7.378949703706894e-06, 5.8246841945219785e-06, 0.10195866227149963, 0.003500992199406028, 0.01331755518913269]",0.003500992199406
249,249,249,The builders that love the proud nice doctors cheats.,full,constructive,rough,yes,plural,no,,"['The', 'Ġbuilders', 'Ġthat', 'Ġlove', 'Ġthe', 'Ġproud', 'Ġnice', 'Ġdoctors', 'Ġche', 'ats', '.', '<|endoftext|>']","[0.037699710577726364, 1.1416104825912043e-05, 0.005723091773688793, 0.0013980702497065067, 0.08493946492671967, 3.1381086955661885e-06, 1.2078249710611999e-05, 1.8680121911529568e-06, 1.7486681826994754e-05, 0.12790724635124207, 0.07464464753866196, 0.011825375258922577]",0.0035605810116976
14212,14212,14212,The athletes that like the young lazy men run.,full,constructive,smooth,no,plural,no,,"['The', 'Ġathletes', 'Ġthat', 'Ġlike', 'Ġthe', 'Ġyoung', 'Ġlazy', 'Ġmen', 'Ġrun', '.', '<|endoftext|>']","[0.037699710577726364, 1.3565753761213273e-05, 0.013802394270896912, 0.00023203689488582313, 0.04738317430019379, 0.00043448538053780794, 7.163390819187043e-06, 0.0031616766937077045, 0.0006647388217970729, 0.006443880498409271, 0.006878918502479792]",0.0031616766937077
1946,1946,1946,The teacher who detests the vet very little cook.,interpolation,constructive,absent,yes,singular,no,subtractive,"['The', 'Ġteacher', 'Ġwho', 'Ġdet', 'ests', 'Ġthe', 'Ġvet', 'Ġvery', 'Ġlittle', 'Ġcook', '.', '<|endoftext|>']","[0.037699710577726364, 7.631941116414964e-05, 0.1632567197084427, 1.9068411347689107e-05, 0.17270533740520477, 0.11627088487148285, 1.638946514503914e-06, 8.851548045640811e-06, 0.0005603302270174026, 1.9326606093272858e-07, 0.007448617368936539, 0.0101384986191988]",0.0040044737979769
1908,1908,1908,The lawyer that hates the vet very much smokes.,interpolation,constructive,absent,no,singular,no,additive,"['The', 'Ġlawyer', 'Ġthat', 'Ġhates', 'Ġthe', 'Ġvet', 'Ġvery', 'Ġmuch', 'Ġsmokes', '.', '<|endoftext|>']","[0.037699710577726364, 9.883702296065167e-05, 0.004011549986898899, 1.8941107555292547e-05, 0.10387051105499268, 7.5259790719428565e-06, 2.6063826226163656e-05, 0.9101283550262451, 2.805802068905905e-06, 0.04582367464900017, 0.012072510085999966]",0.0040115499868988
8766,8766,8766,The waiters that love the lawyers very much runs.,interpolation,constructive,absent,yes,plural,no,additive,"['The', 'Ġwait', 'ers', 'Ġthat', 'Ġlove', 'Ġthe', 'Ġlawyers', 'Ġvery', 'Ġmuch', 'Ġruns', '.', '<|endoftext|>']","[0.037699710577726364, 8.717281161807477e-05, 0.012124985456466675, 0.0026961672119796276, 0.0036145239137113094, 0.05304093658924103, 4.771482963406015e-06, 8.824614633340389e-05, 0.9767903089523315, 5.16530781169422e-06, 0.0015937498537823558, 0.007266860920935869]",0.0031553455628454
10719,10719,10719,The judges that detest the lawyers the least pray.,interpolation,constructive,absent,no,plural,no,subtractive,"['The', 'Ġjudges', 'Ġthat', 'Ġdet', 'est', 'Ġthe', 'Ġlawyers', 'Ġthe', 'Ġleast', 'Ġpray', '.', '<|endoftext|>']","[0.037699710577726364, 4.469197665457614e-05, 0.005536440759897232, 3.5723009204957634e-05, 0.7140846252441406, 0.1735149472951889, 0.00016066350508481264, 0.001166653004474938, 1.9608225557021797e-05, 1.3585122360382229e-05, 0.039807744324207306, 0.009773259982466698]",0.003351546882186
13126,13126,13126,The judge that loves the happy charming bakers sing.,full,destructive,smooth,yes,singular,no,,"['The', 'Ġjudge', 'Ġthat', 'Ġloves', 'Ġthe', 'Ġhappy', 'Ġcharming', 'Ġb', 'akers', 'Ġsing', '.', '<|endoftext|>']","[0.037699710577726364, 0.0002764117962215096, 0.006888424511998892, 2.9239359719213098e-05, 0.08244022727012634, 4.2910720367217436e-05, 5.069014150649309e-07, 0.0013870634138584137, 0.008797935210168362, 4.9594755182624795e-06, 0.02174471877515316, 0.01637749932706356]",0.0041377439629286
11425,11425,11425,The woman that dislikes the clever friendly plumbers lies.,full,destructive,rough,no,singular,no,,"['The', 'Ġwoman', 'Ġthat', 'Ġdisl', 'ikes', 'Ġthe', 'Ġclever', 'Ġfriendly', 'Ġpl', 'umbers', 'Ġlies', '.', '<|endoftext|>']","[0.037699710577726364, 0.0005347932456061244, 0.0029968428425490856, 6.322297394945053e-06, 0.5316513776779175, 0.07052616029977798, 9.698705980554223e-06, 3.2113996439875336e-06, 0.00018325404380448163, 0.04628642648458481, 0.00014923932030797005, 0.04434509575366974, 0.005474193952977657]",0.002996842842549
6214,6214,6214,The painters that like the lovely cool teacher sings.,full,destructive,smooth,yes,plural,no,,"['The', 'Ġpain', 'ters', 'Ġthat', 'Ġlike', 'Ġthe', 'Ġlovely', 'Ġcool', 'Ġteacher', 'Ġsings', '.', '<|endoftext|>']","[0.037699710577726364, 5.916435475228354e-05, 0.005760084837675095, 0.010309633798897266, 0.0005978990811854601, 0.024490714073181152, 0.00026865664403885603, 0.00020453761680983007, 2.3521210096077994e-05, 1.2632330253836699e-05, 0.04102127254009247, 0.016270766034722328]",0.0031789919594302
849,849,849,The women who love the friendly nice barber pray.,full,destructive,rough,no,plural,no,,"['The', 'Ġwomen', 'Ġwho', 'Ġlove', 'Ġthe', 'Ġfriendly', 'Ġnice', 'Ġbar', 'ber', 'Ġpray', '.', '<|endoftext|>']","[0.037699710577726364, 0.0002731915155891329, 0.052743129432201385, 0.002444795100018382, 0.053950246423482895, 3.7372894439613447e-05, 6.973392009967938e-05, 0.0013965670950710773, 0.018621109426021576, 7.513185664720368e-06, 0.009493188001215458, 0.005905212368816137]",0.0041750037344172
6458,6458,6458,The author that loves the painters the least pray.,interpolation,destructive,absent,yes,singular,no,subtractive,"['The', 'Ġauthor', 'Ġthat', 'Ġloves', 'Ġthe', 'Ġpain', 'ters', 'Ġthe', 'Ġleast', 'Ġpray', '.', '<|endoftext|>']","[0.037699710577726364, 0.0008682538173161447, 0.0002632413525134325, 0.00038124716957099736, 0.05329364538192749, 0.0004769813676830381, 0.0073082828894257545, 0.0012972821714356542, 0.01084685605019331, 9.49845741615718e-07, 0.0426039844751358, 0.0157645121216774]",0.0043027825304307
8610,8610,8610,The builder that detests the teachers very little smokes.,interpolation,destructive,absent,no,singular,no,subtractive,"['The', 'Ġbuilder', 'Ġthat', 'Ġdet', 'ests', 'Ġthe', 'Ġteachers', 'Ġvery', 'Ġlittle', 'Ġsmokes', '.', '<|endoftext|>']","[0.037699710577726364, 1.896800495160278e-05, 0.0048370445147156715, 3.560681943781674e-05, 0.04926206171512604, 0.15420439839363098, 2.4475360987707973e-05, 3.741768887266517e-05, 0.001382277812808752, 6.944268079678295e-06, 0.05284785479307175, 0.00931127741932869]",0.0031096611637622
60,60,60,The vets that love the doctor very little prays.,interpolation,destructive,absent,yes,plural,no,subtractive,"['The', 'Ġvets', 'Ġthat', 'Ġlove', 'Ġthe', 'Ġdoctor', 'Ġvery', 'Ġlittle', 'Ġpr', 'ays', '.', '<|endoftext|>']","[0.037699710577726364, 1.49282436723297e-06, 0.006717313081026077, 0.0022326617036014795, 0.06626482307910919, 0.0004900467465631664, 0.00010300424764864147, 0.0008740827324800193, 5.681687071046326e-06, 0.021668042987585068, 0.04207134619355202, 0.005235760938376188]",0.0037342113209888
517,517,517,The pilots that detest the tailor very little lie.,interpolation,destructive,absent,no,plural,no,subtractive,"['The', 'Ġpilots', 'Ġthat', 'Ġdet', 'est', 'Ġthe', 'Ġtailor', 'Ġvery', 'Ġlittle', 'Ġlie', '.', '<|endoftext|>']","[0.037699710577726364, 1.685904135229066e-05, 0.007430907804518938, 1.2777141819242388e-05, 0.011250197887420654, 0.20409290492534637, 1.2473204833440832e-06, 6.689331348752603e-05, 0.005069526843726635, 9.042296733241528e-05, 0.07428162544965744, 0.0033010952174663544]",0.0041853110305964
12802,12802,12802,The actor who rides elegantly although quite slowly cook.,control,absent,absent,yes,singular,no,,"['The', 'Ġactor', 'Ġwho', 'Ġrides', 'Ġeleg', 'antly', 'Ġalthough', 'Ġquite', 'Ġslowly', 'Ġcook', '.', '<|endoftext|>']","[0.037699710577726364, 0.0002429982414469123, 0.06758931279182434, 8.089611583272927e-06, 8.801945341474493e-07, 0.9975349307060242, 2.0272218534955755e-05, 0.0017392629524692893, 0.004390357062220573, 1.094045316563097e-07, 0.00477179978042841, 0.008918365463614464]",0.0030648100073449
14015,14015,14015,The woman who runs slowly yet quite quickly sings.,control,absent,absent,no,singular,no,,"['The', 'Ġwoman', 'Ġwho', 'Ġruns', 'Ġslowly', 'Ġyet', 'Ġquite', 'Ġquickly', 'Ġsings', '.', '<|endoftext|>']","[0.037699710577726364, 0.0005347932456061244, 0.26382583379745483, 0.003092491999268532, 2.136651573891868e-06, 0.0003664991818368435, 0.0007456772727891803, 0.00803006999194622, 4.677857941715047e-05, 0.015411904081702232, 0.005536398384720087]",0.0030924919992685
1039,1039,1039,The women who run quietly albeit rather slowly smokes.,control,absent,absent,yes,plural,no,,"['The', 'Ġwomen', 'Ġwho', 'Ġrun', 'Ġquietly', 'Ġalbeit', 'Ġrather', 'Ġslowly', 'Ġsmokes', '.', '<|endoftext|>']","[0.037699710577726364, 0.0002731915155891329, 0.052743129432201385, 0.008871674537658691, 2.662485940163606e-06, 1.1997794899798464e-05, 0.0007196868536993861, 0.010227218270301819, 2.522530735404871e-07, 0.04238676279783249, 0.0031954816076904535]",0.0031954816076904
14070,14070,14070,The painters who laugh elegantly though rather quickly sing.,control,absent,absent,no,plural,no,,"['The', 'Ġpain', 'ters', 'Ġwho', 'Ġlaugh', 'Ġeleg', 'antly', 'Ġthough', 'Ġrather', 'Ġquickly', 'Ġsing', '.', '<|endoftext|>']","[0.037699710577726364, 5.916435475228354e-05, 0.005760084837675095, 0.05865858122706413, 6.4385390032839496e-06, 8.639643965580035e-06, 0.9997292160987854, 0.000252874888246879, 0.00029343401547521353, 0.0038399866316467524, 0.00016217581287492067, 0.04020452871918678, 0.011469506658613682]",0.0038399866316467
8249,8249,8249,The judge who dislikes the careless happy waiter smoke.,full,constructive,rough,yes,singular,no,,"['The', 'Ġjudge', 'Ġwho', 'Ġdisl', 'ikes', 'Ġthe', 'Ġcareless', 'Ġhappy', 'Ġwaiter', 'Ġsmoke', '.', '<|endoftext|>']","[0.037699710577726364, 0.0002764117962215096, 0.09193785488605499, 2.2851595531392377e-06, 0.8160143494606018, 0.13734804093837738, 2.912590844061924e-06, 2.4347120870515937e-06, 1.4808519154030364e-05, 1.2936479834024794e-06, 0.0064034974202513695, 0.012178061529994011]",0.0033399546082364
12324,12324,12324,The plumber that detests the happy funny athlete lies.,full,constructive,smooth,no,singular,no,,"['The', 'Ġpl', 'umber', 'Ġthat', 'Ġdet', 'ests', 'Ġthe', 'Ġhappy', 'Ġfunny', 'Ġathlete', 'Ġlies', '.', '<|endoftext|>']","[0.037699710577726364, 5.06484393554274e-05, 0.06936445087194443, 0.0031562538351863623, 2.781601324386429e-05, 0.166253924369812, 0.17218106985092163, 2.602468157419935e-05, 3.1777653930475935e-06, 3.4670301829464734e-06, 0.00028415225096978247, 0.058503493666648865, 0.004982104990631342]",0.0031562538351863
10027,10027,10027,The plumbers who hate the proud cool pilots prays.,full,constructive,rough,yes,plural,no,,"['The', 'Ġpl', 'umbers', 'Ġwho', 'Ġhate', 'Ġthe', 'Ġproud', 'Ġcool', 'Ġpilots', 'Ġpr', 'ays', '.', '<|endoftext|>']","[0.037699710577726364, 5.06484393554274e-05, 0.019695740193128586, 0.0460578091442585, 0.00014654829283244908, 0.12911616265773773, 5.4316060413839296e-06, 1.7090467736124992e-05, 4.3964530050288886e-05, 1.1719956091837958e-05, 0.0033492958173155785, 0.02468722313642502, 0.008858689107000828]",0.0033492958173155
2194,2194,2194,The pilots that love the clumsy careless plumbers cheat.,full,constructive,smooth,no,plural,no,,"['The', 'Ġpilots', 'Ġthat', 'Ġlove', 'Ġthe', 'Ġclumsy', 'Ġcareless', 'Ġpl', 'umbers', 'Ġcheat', '.', '<|endoftext|>']","[0.037699710577726364, 1.685904135229066e-05, 0.007430907804518938, 0.0002363391686230898, 0.07777078449726105, 2.6235688892484177e-06, 1.437860305486538e-06, 0.0002460559189785272, 0.018231570720672607, 4.6622521040262654e-05, 0.08182363957166672, 0.006736456416547298]",0.0034912561677629
2014,2014,2014,The author who dislikes the painter the least run.,interpolation,constructive,absent,yes,singular,no,subtractive,"['The', 'Ġauthor', 'Ġwho', 'Ġdisl', 'ikes', 'Ġthe', 'Ġpainter', 'Ġthe', 'Ġleast', 'Ġrun', '.', '<|endoftext|>']","[0.037699710577726364, 0.0008682538173161447, 0.0010068155825138092, 1.899349081213586e-05, 0.9776700735092163, 0.09812826663255692, 1.4779398952668998e-05, 0.0010289865313097835, 0.00842244178056717, 3.7561396766250255e-06, 0.005929184146225452, 0.015010159462690353]",0.0034790853387676
14058,14058,14058,The lawyer who hates the baker very little swims.,interpolation,constructive,absent,no,singular,no,subtractive,"['The', 'Ġlawyer', 'Ġwho', 'Ġhates', 'Ġthe', 'Ġbaker', 'Ġvery', 'Ġlittle', 'Ġswim', 's', '.', '<|endoftext|>']","[0.037699710577726364, 9.883702296065167e-05, 0.2298094630241394, 7.698106855968945e-06, 0.10531402379274368, 6.790912721044151e-06, 4.147610525251366e-05, 0.0005061505362391472, 2.0344555196061265e-07, 0.4023078382015228, 0.006761583965271711, 0.008538317866623402]",0.0036338672507554
6423,6423,6423,The doctors who dislike the actors the least lies.,interpolation,constructive,absent,yes,plural,no,subtractive,"['The', 'Ġdoctors', 'Ġwho', 'Ġdislike', 'Ġthe', 'Ġactors', 'Ġthe', 'Ġleast', 'Ġlies', '.', '<|endoftext|>']","[0.037699710577726364, 3.9233149436768144e-05, 0.1289704442024231, 2.7561131901165936e-06, 0.13716687262058258, 2.0906953068333678e-05, 0.0011058802483603358, 0.00511147128418088, 7.908153065727674e-07, 0.045026250183582306, 0.004317413084208965]",0.0043174130842089
10797,10797,10797,The lawyers that love the farmers the most pray.,interpolation,constructive,absent,no,plural,no,additive,"['The', 'Ġlawyers', 'Ġthat', 'Ġlove', 'Ġthe', 'Ġfarmers', 'Ġthe', 'Ġmost', 'Ġpray', '.', '<|endoftext|>']","[0.037699710577726364, 4.672578870668076e-05, 0.005923125892877579, 5.112557846587151e-05, 0.06331892311573029, 2.2955489839660004e-05, 0.002446959726512432, 0.5287026762962341, 9.571097507432569e-06, 0.010218873620033264, 0.004226064775139093]",0.004226064775139
11187,11187,11187,The plumber that dislikes the lovely kind doctors cheat.,full,destructive,smooth,yes,singular,no,,"['The', 'Ġpl', 'umber', 'Ġthat', 'Ġdisl', 'ikes', 'Ġthe', 'Ġlovely', 'Ġkind', 'Ġdoctors', 'Ġcheat', '.', '<|endoftext|>']","[0.037699710577726364, 5.06484393554274e-05, 0.06936445087194443, 0.0031562538351863623, 4.163113044342026e-05, 0.38624683022499084, 0.13938966393470764, 5.061985575594008e-05, 0.00039884919533506036, 2.1480520899785915e-06, 1.57964532263577e-05, 0.054468050599098206, 0.009177977219223976]",0.0031562538351863
4483,4483,4483,The teacher that dislikes the young funny builders prays.,full,destructive,rough,no,singular,no,,"['The', 'Ġteacher', 'Ġthat', 'Ġdisl', 'ikes', 'Ġthe', 'Ġyoung', 'Ġfunny', 'Ġbuilders', 'Ġpr', 'ays', '.', '<|endoftext|>']","[0.037699710577726364, 7.631941116414964e-05, 0.0032341359183192253, 1.8439344785292633e-05, 0.5632219910621643, 0.0910193920135498, 0.0017749746330082417, 4.008958512713434e-06, 1.8278112179359596e-07, 4.45894620497711e-05, 0.26873496174812317, 0.029889551922678947, 0.009255890734493732]",0.0032341359183192
3707,3707,3707,The pilots who hate the clever careless man swims.,full,destructive,smooth,yes,plural,no,,"['The', 'Ġpilots', 'Ġwho', 'Ġhate', 'Ġthe', 'Ġclever', 'Ġcareless', 'Ġman', 'Ġswim', 's', '.', '<|endoftext|>']","[0.037699710577726364, 1.685904135229066e-05, 0.03067409247159958, 3.683617615024559e-05, 0.12760411202907562, 7.148595614125952e-06, 2.854121248674346e-06, 0.004435539245605469, 1.1669901141431183e-05, 0.04643073305487633, 0.003223616862669587, 0.0070006391033530235]",0.0038295780541375
9619,9619,9619,The chefs who detest the helpful proud barber pray.,full,destructive,rough,no,plural,no,,"['The', 'Ġchefs', 'Ġwho', 'Ġdet', 'est', 'Ġthe', 'Ġhelpful', 'Ġproud', 'Ġbar', 'ber', 'Ġpray', '.', '<|endoftext|>']","[0.037699710577726364, 6.014487553329673e-06, 0.07320870459079742, 8.897045518097002e-06, 0.6598738431930542, 0.16756105422973633, 1.211797894029587e-06, 1.1168413038831204e-07, 0.0004600683751050383, 0.04177692160010338, 5.535693162528332e-06, 0.003955116029828787, 0.00690494617447257]",0.0039551160298287
2576,2576,2576,The doctor that hates the judges the most run.,interpolation,destructive,absent,yes,singular,no,additive,"['The', 'Ġdoctor', 'Ġthat', 'Ġhates', 'Ġthe', 'Ġjudges', 'Ġthe', 'Ġmost', 'Ġrun', '.', '<|endoftext|>']","[0.037699710577726364, 0.00014899585221428424, 0.007267581764608622, 3.772986383410171e-05, 0.07561159133911133, 8.010786405066028e-05, 0.0009487137431278825, 0.8389102220535278, 8.350671123480424e-06, 0.002911162097007036, 0.006478880997747183]",0.002911162097007
1459,1459,1459,The farmer that loves the bankers very little cheats.,interpolation,destructive,absent,no,singular,no,subtractive,"['The', 'Ġfarmer', 'Ġthat', 'Ġloves', 'Ġthe', 'Ġbankers', 'Ġvery', 'Ġlittle', 'Ġche', 'ats', '.', '<|endoftext|>']","[0.037699710577726364, 3.362503775861114e-05, 0.005959069821983576, 0.0005404989351518452, 0.07677886635065079, 4.4651228563452605e-06, 0.0001246303872903809, 0.0004984364495612681, 1.043190059135668e-05, 0.6021803021430969, 0.12360551953315735, 0.009015509858727455]",0.0032497843785677
1171,1171,1171,The farmers that dislike the banker the least lies.,interpolation,destructive,absent,yes,plural,no,subtractive,"['The', 'Ġfarmers', 'Ġthat', 'Ġdislike', 'Ġthe', 'Ġbanker', 'Ġthe', 'Ġleast', 'Ġlies', '.', '<|endoftext|>']","[0.037699710577726364, 2.8837483114330098e-05, 0.010469670407474041, 1.737881757435389e-05, 0.20032870769500732, 7.170608569140313e-06, 0.001604241319000721, 0.025822294875979424, 2.943889739981387e-06, 0.014003180898725986, 0.003299433272331953]",0.0032994332723319
3032,3032,3032,The waiters that love the lawyer the least sing.,interpolation,destructive,absent,no,plural,no,subtractive,"['The', 'Ġwait', 'ers', 'Ġthat', 'Ġlove', 'Ġthe', 'Ġlawyer', 'Ġthe', 'Ġleast', 'Ġsing', '.', '<|endoftext|>']","[0.037699710577726364, 8.717281161807477e-05, 0.012124985456466675, 0.0026961672119796276, 0.0036145239137113094, 0.05304093658924103, 7.735728104307782e-06, 0.0009593404829502106, 0.0017824112437665462, 6.104542990215123e-06, 0.057473134249448776, 0.01492531318217516]",0.0031553455628454
3609,3609,3609,The plumber who rides quietly yet quite happily sing.,control,absent,absent,yes,singular,no,,"['The', 'Ġpl', 'umber', 'Ġwho', 'Ġrides', 'Ġquietly', 'Ġyet', 'Ġquite', 'Ġhappily', 'Ġsing', '.', '<|endoftext|>']","[0.037699710577726364, 5.06484393554274e-05, 0.06936445087194443, 0.05314220115542412, 6.0963775467826054e-05, 1.8002856450038962e-05, 0.00013541305088438094, 0.00088462233543396, 0.026632430031895638, 1.1388875464035664e-05, 0.005527240224182606, 0.00996313150972128]",0.0032059312798082
12175,12175,12175,The teacher who talks elegantly albeit quite slowly sings.,control,absent,absent,no,singular,no,,"['The', 'Ġteacher', 'Ġwho', 'Ġtalks', 'Ġeleg', 'antly', 'Ġalbeit', 'Ġquite', 'Ġslowly', 'Ġsings', '.', '<|endoftext|>']","[0.037699710577726364, 7.631941116414964e-05, 0.1632567197084427, 3.9521557482657954e-05, 2.6453765258338535e-06, 0.9991592168807983, 1.4909121546224924e-06, 0.0008292903658002615, 0.007085051853209734, 3.6066419852431864e-05, 0.019718743860721588, 0.005650592502206564]",0.0032399414340034
12536,12536,12536,The painters that walk quietly although rather quickly prays.,control,absent,absent,yes,plural,no,,"['The', 'Ġpain', 'ters', 'Ġthat', 'Ġwalk', 'Ġquietly', 'Ġalthough', 'Ġrather', 'Ġquickly', 'Ġpr', 'ays', '.', '<|endoftext|>']","[0.037699710577726364, 5.916435475228354e-05, 0.005760084837675095, 0.010309633798897266, 0.0003063570475205779, 5.2583338401746005e-05, 5.3927506087347865e-06, 0.00019582595268730074, 0.0038225362077355385, 3.331071638967842e-05, 0.0031061354093253613, 0.049049608409404755, 0.009453652426600456]",0.0031061354093253
4481,4481,4481,The farmers who run slowly although rather quickly smoke.,control,absent,absent,no,plural,no,,"['The', 'Ġfarmers', 'Ġwho', 'Ġrun', 'Ġslowly', 'Ġalthough', 'Ġrather', 'Ġquickly', 'Ġsmoke', '.', '<|endoftext|>']","[0.037699710577726364, 2.8837483114330098e-05, 0.11025957763195038, 0.004048723261803389, 1.023426648316672e-05, 3.231739901821129e-05, 0.00017864741676021367, 0.01928563416004181, 9.36859032663051e-06, 0.014242267236113548, 0.0034930414985865355]",0.0034930414985865
2235,2235,2235,The tailor who dislikes the nice charming teacher lie.,full,constructive,rough,yes,singular,no,,"['The', 'Ġtailor', 'Ġwho', 'Ġdisl', 'ikes', 'Ġthe', 'Ġnice', 'Ġcharming', 'Ġteacher', 'Ġlie', '.', '<|endoftext|>']","[0.037699710577726364, 2.2267468011705205e-06, 0.04698019474744797, 4.456055467016995e-05, 0.6063363552093506, 0.1242930069565773, 0.0001693582016741857, 5.90486524743028e-06, 0.00018293416360393167, 1.0939545973087661e-05, 0.02054402232170105, 0.00843588262796402]",0.0043094083957839
5786,5786,5786,The barber who likes the happy friendly waiter smokes.,full,constructive,smooth,no,singular,no,,"['The', 'Ġbar', 'ber', 'Ġwho', 'Ġlikes', 'Ġthe', 'Ġhappy', 'Ġfriendly', 'Ġwaiter', 'Ġsmokes', '.', '<|endoftext|>']","[0.037699710577726364, 0.00015501985035371035, 0.04543135687708855, 0.016085010021924973, 0.0006266023847274482, 0.022794269025325775, 7.280393765540794e-05, 4.384595013107173e-05, 0.00026900327065959573, 7.2373318289464805e-06, 0.013795866630971432, 0.005127758719027042]",0.0028771805518772
7502,7502,7502,The bakers that love the clumsy friendly judges swims.,full,constructive,rough,yes,plural,no,,"['The', 'Ġb', 'akers', 'Ġthat', 'Ġlove', 'Ġthe', 'Ġclumsy', 'Ġfriendly', 'Ġjudges', 'Ġswim', 's', '.', '<|endoftext|>']","[0.037699710577726364, 0.00015020568389445543, 0.006068031303584576, 0.002866247436031699, 0.010799705982208252, 0.05399389564990997, 1.3845502735421178e-06, 2.0401465008035302e-05, 3.4124081139452755e-05, 6.8005560933670495e-06, 0.0048930165357887745, 0.01234598457813263, 0.004222616087645292]",0.0042226160876452
4248,4248,4248,The plumbers that hate the lazy happy farmers sing.,full,constructive,smooth,no,plural,no,,"['The', 'Ġpl', 'umbers', 'Ġthat', 'Ġhate', 'Ġthe', 'Ġlazy', 'Ġhappy', 'Ġfarmers', 'Ġsing', '.', '<|endoftext|>']","[0.037699710577726364, 5.06484393554274e-05, 0.019695740193128586, 0.005841181147843599, 0.000203145740670152, 0.10803461074829102, 0.0001357782311970368, 3.935907079721801e-05, 0.0003727225703187287, 3.219730206183158e-05, 0.035061661154031754, 0.007837951183319092]",0.0031069518590811
5055,5055,5055,The woman that likes the doctor the most cheat.,interpolation,constructive,absent,yes,singular,no,additive,"['The', 'Ġwoman', 'Ġthat', 'Ġlikes', 'Ġthe', 'Ġdoctor', 'Ġthe', 'Ġmost', 'Ġcheat', '.', '<|endoftext|>']","[0.037699710577726364, 0.0005347932456061244, 0.0029968428425490856, 0.00012353227066341788, 0.021500159054994583, 0.00032022770028561354, 0.0018227597465738654, 0.7261824607849121, 9.032634125105687e-07, 0.07713878899812698, 0.007331514731049538]",0.002996842842549
6506,6506,6506,The waiter that loves the athlete very much cooks.,interpolation,constructive,absent,no,singular,no,additive,"['The', 'Ġwaiter', 'Ġthat', 'Ġloves', 'Ġthe', 'Ġathlete', 'Ġvery', 'Ġmuch', 'Ġcooks', '.', '<|endoftext|>']","[0.037699710577726364, 8.850534868543036e-06, 0.0039015887305140495, 0.0003891167289111763, 0.04214427247643471, 3.020216126969899e-06, 0.00013535314064938575, 0.9710836410522461, 7.218283280963078e-05, 0.016850387677550316, 0.004336328711360693]",0.003901588730514
10639,10639,10639,The farmers who hate the doctors very little prays.,interpolation,constructive,absent,yes,plural,no,subtractive,"['The', 'Ġfarmers', 'Ġwho', 'Ġhate', 'Ġthe', 'Ġdoctors', 'Ġvery', 'Ġlittle', 'Ġpr', 'ays', '.', '<|endoftext|>']","[0.037699710577726364, 2.8837483114330098e-05, 0.11025957763195038, 0.00011912747140740976, 0.18731474876403809, 2.333852171432227e-05, 5.282782149151899e-05, 0.0010959941428154707, 4.890975105809048e-06, 0.029588697478175163, 0.04920327663421631, 0.005797847639769316]",0.0034469208912923
12580,12580,12580,The women who dislike the bankers very much pray.,interpolation,constructive,absent,no,plural,no,additive,"['The', 'Ġwomen', 'Ġwho', 'Ġdislike', 'Ġthe', 'Ġbankers', 'Ġvery', 'Ġmuch', 'Ġpray', '.', '<|endoftext|>']","[0.037699710577726364, 0.0002731915155891329, 0.052743129432201385, 2.919722828664817e-05, 0.09914948046207428, 3.1709980248706415e-05, 0.00010397064033895731, 0.942535936832428, 1.3503487934940495e-05, 0.013408802449703217, 0.0032734074629843235]",0.0032734074629843
10370,10370,10370,The teacher that detests the nice careless painters swim.,full,destructive,smooth,yes,singular,no,,"['The', 'Ġteacher', 'Ġthat', 'Ġdet', 'ests', 'Ġthe', 'Ġnice', 'Ġcareless', 'Ġpain', 'ters', 'Ġswim', '.', '<|endoftext|>']","[0.037699710577726364, 7.631941116414964e-05, 0.0032341359183192253, 2.3570790290250443e-05, 0.21294477581977844, 0.10761506855487823, 4.1624145524110645e-05, 3.818843197223032e-06, 1.871600943559315e-05, 0.06938642263412476, 2.8473355087044183e-06, 0.006336189806461334, 0.010793857276439667]",0.0032341359183192
12041,12041,12041,The waiter that dislikes the happy funny farmers swims.,full,destructive,rough,no,singular,no,,"['The', 'Ġwaiter', 'Ġthat', 'Ġdisl', 'ikes', 'Ġthe', 'Ġhappy', 'Ġfunny', 'Ġfarmers', 'Ġswim', 's', '.', '<|endoftext|>']","[0.037699710577726364, 8.850534868543036e-06, 0.0039015887305140495, 5.529909685719758e-06, 0.6808230876922607, 0.10318412631750107, 3.559948527254164e-05, 8.562736184103414e-06, 3.4473534924472915e-06, 2.41628094954649e-06, 0.13660189509391785, 0.005192876327782869, 0.00420795101672411]",0.003901588730514
352,352,352,The pilots that hate the lazy careless actor cheats.,full,destructive,smooth,yes,plural,no,,"['The', 'Ġpilots', 'Ġthat', 'Ġhate', 'Ġthe', 'Ġlazy', 'Ġcareless', 'Ġactor', 'Ġche', 'ats', '.', '<|endoftext|>']","[0.037699710577726364, 1.685904135229066e-05, 0.007430907804518938, 5.044944191467948e-05, 0.11497153341770172, 3.49850561178755e-05, 3.0096580303506926e-06, 0.00011606553016463295, 1.6216768926824443e-05, 0.5138475298881531, 0.024654284119606018, 0.010871296748518944]",0.0037734866673417
427,427,427,The vets who like the gentle funny plumber sing.,full,destructive,rough,no,plural,no,,"['The', 'Ġvets', 'Ġwho', 'Ġlike', 'Ġthe', 'Ġgentle', 'Ġfunny', 'Ġpl', 'umber', 'Ġsing', '.', '<|endoftext|>']","[0.037699710577726364, 1.49282436723297e-06, 0.05022811144590378, 0.00032503734109923244, 0.04692216217517853, 5.001370300306007e-05, 5.253682320471853e-05, 3.2849875424290076e-05, 0.057909317314624786, 8.930066542234272e-05, 0.03227273002266884, 0.008312005549669266]",0.0043185214453842
2566,2566,2566,The barber who likes the men very little lie.,interpolation,destructive,absent,yes,singular,no,subtractive,"['The', 'Ġbar', 'ber', 'Ġwho', 'Ġlikes', 'Ġthe', 'Ġmen', 'Ġvery', 'Ġlittle', 'Ġlie', '.', '<|endoftext|>']","[0.037699710577726364, 0.00015501985035371035, 0.04543135687708855, 0.016085010021924973, 0.0006266023847274482, 0.022794269025325775, 0.00045352004235610366, 0.00010166216816287488, 0.000984678976237774, 3.861972345475806e-06, 0.014857713133096695, 0.005627231672406197]",0.0033059553243219
14483,14483,14483,The waiter who dislikes the lawyers very little smokes.,interpolation,destructive,absent,no,singular,no,subtractive,"['The', 'Ġwaiter', 'Ġwho', 'Ġdisl', 'ikes', 'Ġthe', 'Ġlawyers', 'Ġvery', 'Ġlittle', 'Ġsmokes', '.', '<|endoftext|>']","[0.037699710577726364, 8.850534868543036e-06, 0.06101249158382416, 1.4375375030795112e-05, 0.49217382073402405, 0.1227831095457077, 1.2528671504696831e-05, 0.0001396273437421769, 0.0011970835039392114, 2.177847272832878e-05, 0.027550674974918365, 0.005424221977591515]",0.0033106527407653
4527,4527,4527,The builders who dislike the chef the least runs.,interpolation,destructive,absent,yes,plural,no,subtractive,"['The', 'Ġbuilders', 'Ġwho', 'Ġdislike', 'Ġthe', 'Ġchef', 'Ġthe', 'Ġleast', 'Ġruns', '.', '<|endoftext|>']","[0.037699710577726364, 1.1416104825912043e-05, 0.03016560710966587, 9.727904398459941e-06, 0.21260550618171692, 6.309865057119168e-06, 0.0006044855108484626, 0.03618429973721504, 8.841790304359165e-07, 0.0028715883381664753, 0.0062288255430758]",0.0028715883381664
14951,14951,14951,The barbers that love the doctor the most lie.,interpolation,destructive,absent,no,plural,no,additive,"['The', 'Ġbar', 'bers', 'Ġthat', 'Ġlove', 'Ġthe', 'Ġdoctor', 'Ġthe', 'Ġmost', 'Ġlie', '.', '<|endoftext|>']","[0.037699710577726364, 0.00015501985035371035, 0.021894624456763268, 6.222881347639486e-05, 0.004581788554787636, 0.047753896564245224, 4.9632824811851606e-05, 0.0009207604452967644, 0.6213548183441162, 0.00010207096784142777, 0.053232282400131226, 0.002528489800170064]",0.0035551391774788
8065,8065,8065,The barber who runs quietly although quite elegantly run.,control,absent,absent,yes,singular,no,,"['The', 'Ġbar', 'ber', 'Ġwho', 'Ġruns', 'Ġquietly', 'Ġalthough', 'Ġquite', 'Ġeleg', 'antly', 'Ġrun', '.', '<|endoftext|>']","[0.037699710577726364, 0.00015501985035371035, 0.04543135687708855, 0.016085010021924973, 0.004320543259382248, 2.3127490749175195e-06, 8.589730714447796e-05, 0.0007587907603010535, 0.0006098962621763349, 0.9979231357574463, 6.714487972203642e-05, 0.0036187181249260902, 0.006423314101994038]",0.003618718124926
3754,3754,3754,The farmer who laughs slowly although quite quietly cheats.,control,absent,absent,no,singular,no,,"['The', 'Ġfarmer', 'Ġwho', 'Ġlaughs', 'Ġslowly', 'Ġalthough', 'Ġquite', 'Ġquietly', 'Ġche', 'ats', '.', '<|endoftext|>']","[0.037699710577726364, 3.362503775861114e-05, 0.1662406027317047, 4.7038556658662856e-06, 4.109560541110113e-05, 5.2233874157536775e-05, 0.0009611939894966781, 0.005949666257947683, 9.513148143014405e-06, 0.01433197595179081, 0.026616180315613747, 0.0075689759105443954]",0.0034554301237221
13725,13725,13725,The plumbers who talk quietly yet quite quickly prays.,control,absent,absent,yes,plural,no,,"['The', 'Ġpl', 'umbers', 'Ġwho', 'Ġtalk', 'Ġquietly', 'Ġyet', 'Ġquite', 'Ġquickly', 'Ġpr', 'ays', '.', '<|endoftext|>']","[0.037699710577726364, 5.06484393554274e-05, 0.019695740193128586, 0.0460578091442585, 8.260663162218407e-05, 0.00024624087382107973, 0.00033266161335632205, 0.0004229239420965314, 0.0031461804173886776, 6.914503956068074e-06, 0.0070341541431844234, 0.06296220421791077, 0.004306556656956673]",0.0031461804173886
2214,2214,2214,The chefs that laugh elegantly albeit rather slowly cook.,control,absent,absent,no,plural,no,,"['The', 'Ġchefs', 'Ġthat', 'Ġlaugh', 'Ġeleg', 'antly', 'Ġalbeit', 'Ġrather', 'Ġslowly', 'Ġcook', '.', '<|endoftext|>']","[0.037699710577726364, 6.014487553329673e-06, 0.009196200408041477, 7.4312652031949256e-06, 2.777115241769934e-06, 0.9999504089355469, 2.633817075547995e-06, 0.0008479013340547681, 0.008897636085748672, 0.0005339981871657073, 0.009694762527942657, 0.00586601160466671]",0.0033569564693607
2607,2607,2607,The athlete that hate the barber runs.,filler,-,absent,yes,singular,number,,"['The', 'Ġathlete', 'Ġthat', 'Ġhate', 'Ġthe', 'Ġbar', 'ber', 'Ġruns', '.', '<|endoftext|>']","[0.037699710577726364, 2.032828524534125e-05, 0.005116582382470369, 4.881469067186117e-06, 0.08083952218294144, 0.00036962173180654645, 0.01709890551865101, 0.00020507044973783195, 0.003584152553230524, 0.01018198486417532]",0.0043503674678504
4853,4853,4853,The barbers who loves the pilots pray.,filler,-,absent,yes,plural,number,,"['The', 'Ġbar', 'bers', 'Ġwho', 'Ġloves', 'Ġthe', 'Ġpilots', 'Ġpray', '.', '<|endoftext|>']","[0.037699710577726364, 0.00015501985035371035, 0.021894624456763268, 0.00036616099532693624, 1.018822513287887e-05, 0.061180997639894485, 4.789844751940109e-07, 1.9058084944845177e-05, 0.02282533049583435, 0.0063642412424087524]",0.0033652011188678
11136,11136,11136,The builder that hates the plumber runs.,filler,-,absent,no,singular,number,,"['The', 'Ġbuilder', 'Ġthat', 'Ġhates', 'Ġthe', 'Ġpl', 'umber', 'Ġruns', '.', '<|endoftext|>']","[0.037699710577726364, 1.896800495160278e-05, 0.0048370445147156715, 3.281956378486939e-05, 0.10987497121095657, 0.0001510975998826325, 0.18630993366241455, 0.0001842269120970741, 0.002161709126085043, 0.006462589837610722]",0.0034993768204003
12079,12079,12079,The teachers that dislike the lawyers lie.,filler,-,absent,no,plural,number,,"['The', 'Ġteachers', 'Ġthat', 'Ġdislike', 'Ġthe', 'Ġlawyers', 'Ġlie', '.', '<|endoftext|>']","[0.037699710577726364, 2.6793088181875646e-05, 0.004184516612440348, 2.4950479200924747e-05, 0.12548403441905975, 1.6204277926590294e-05, 1.526111736893654e-05, 0.18323545157909393, 0.006662903353571892]",0.0041845166124403
14269,14269,14269,The chef whom loves the pilot swims.,filler,-,absent,yes,singular,pos,,"['The', 'Ġchef', 'Ġwhom', 'Ġloves', 'Ġthe', 'Ġpilot', 'Ġswim', 's', '.', '<|endoftext|>']","[0.037699710577726364, 2.871782453439664e-05, 0.00024276660406030715, 8.215751222451217e-06, 0.04983571171760559, 5.927026904828381e-06, 4.721077402791707e-06, 0.02823653258383274, 0.006273943930864334, 0.006993752438575029]",0.0032583552674623
9033,9033,9033,The women whom hate the bakers cook.,filler,-,absent,yes,plural,pos,,"['The', 'Ġwomen', 'Ġwhom', 'Ġhate', 'Ġthe', 'Ġb', 'akers', 'Ġcook', '.', '<|endoftext|>']","[0.037699710577726364, 0.0002731915155891329, 0.0002398284850642085, 2.377796045038849e-05, 0.06390348076820374, 0.0002952800423372537, 0.010724577121436596, 4.115961564821191e-05, 0.01729399524629116, 0.006418366450816393]",0.0033568232465768
13183,13183,13183,The lawyer whom the woman loves smokes.,filler,-,absent,no,singular,pos,,"['The', 'Ġlawyer', 'Ġwhom', 'Ġthe', 'Ġwoman', 'Ġloves', 'Ġsmokes', '.', '<|endoftext|>']","[0.037699710577726364, 9.883702296065167e-05, 0.0004426122468430549, 0.0846460834145546, 0.004702840466052294, 0.00012152988347224891, 8.542992304683139e-07, 0.010887730866670609, 0.004191418178379536]",0.0041914181783795
7298,7298,7298,The chefs whom the athletes like cook.,filler,-,absent,no,plural,pos,,"['The', 'Ġchefs', 'Ġwhom', 'Ġthe', 'Ġathletes', 'Ġlike', 'Ġcook', '.', '<|endoftext|>']","[0.037699710577726364, 6.014487553329673e-06, 0.00010730949725257233, 0.06004229933023453, 0.00022251356858760118, 0.0036927664186805487, 2.6872312446357682e-05, 0.019629433751106262, 0.009499853476881981]",0.0036927664186805
15215,15215,15215,The waiter that like the teacher lies.,filler,-,absent,yes,singular,number,,"['The', 'Ġwaiter', 'Ġthat', 'Ġlike', 'Ġthe', 'Ġteacher', 'Ġlies', '.', '<|endoftext|>']","[0.037699710577726364, 8.850534868543036e-06, 0.0039015887305140495, 4.986853673472069e-05, 0.018503140658140182, 0.00012308071018196642, 9.357130329590291e-05, 0.07628605514764786, 0.006855865009129047]",0.003901588730514
9568,9568,9568,The farmers who hates the painters pray.,filler,-,absent,yes,plural,number,,"['The', 'Ġfarmers', 'Ġwho', 'Ġhates', 'Ġthe', 'Ġpain', 'ters', 'Ġpray', '.', '<|endoftext|>']","[0.037699710577726364, 2.8837483114330098e-05, 0.11025957763195038, 3.401980848138919e-07, 0.14920368790626526, 0.00042275298619642854, 0.002089214511215687, 2.7514399334904738e-05, 0.017017824575304985, 0.005687572527676821]",0.0038883935194462
591,591,591,The painter that dislikes the pilot lies.,filler,-,absent,no,singular,number,,"['The', 'Ġpainter', 'Ġthat', 'Ġdisl', 'ikes', 'Ġthe', 'Ġpilot', 'Ġlies', '.', '<|endoftext|>']","[0.037699710577726364, 1.0414167263661511e-05, 0.0026053115725517273, 1.6054762454587035e-05, 0.7952980995178223, 0.12256690859794617, 2.6633710149326362e-05, 0.00030656513990834355, 0.009882732294499874, 0.005146728828549385]",0.0038760202005505
6367,6367,6367,The builders who detest the bankers swim.,filler,-,absent,no,plural,number,,"['The', 'Ġbuilders', 'Ġwho', 'Ġdet', 'est', 'Ġthe', 'Ġbankers', 'Ġswim', '.', '<|endoftext|>']","[0.037699710577726364, 1.1416104825912043e-05, 0.03016560710966587, 1.4734252545167692e-05, 0.2484690546989441, 0.2600310146808624, 3.3233041904168203e-05, 1.0019366527558304e-06, 0.001468477537855506, 0.0056794206611812115]",0.0035739490995183
5716,5716,5716,The doctor whom dislikes the plumber sings.,filler,-,absent,yes,singular,pos,,"['The', 'Ġdoctor', 'Ġwhom', 'Ġdisl', 'ikes', 'Ġthe', 'Ġpl', 'umber', 'Ġsings', '.', '<|endoftext|>']","[0.037699710577726364, 0.00014899585221428424, 0.0009405913879163563, 3.9269048102141824e-07, 0.06458551436662674, 0.1057189479470253, 0.00012225245882291347, 0.06363880634307861, 4.452860957826488e-05, 0.012259537354111671, 0.0031655626371502876]",0.0031655626371502
11320,11320,11320,The athletes whom love the waiters smoke.,filler,-,absent,yes,plural,pos,,"['The', 'Ġathletes', 'Ġwhom', 'Ġlove', 'Ġthe', 'Ġwait', 'ers', 'Ġsmoke', '.', '<|endoftext|>']","[0.037699710577726364, 1.3565753761213273e-05, 0.0002062975981971249, 4.7618301323382184e-05, 0.09217700362205505, 1.44547793752281e-05, 0.0120366420596838, 4.545692263491219e-06, 0.02853822335600853, 0.007577353622764349]",0.0038918256104807
5429,5429,5429,The barber whom the pilot loves cooks.,filler,-,absent,no,singular,pos,,"['The', 'Ġbar', 'ber', 'Ġwhom', 'Ġthe', 'Ġpilot', 'Ġloves', 'Ġcooks', '.', '<|endoftext|>']","[0.037699710577726364, 0.00015501985035371035, 0.04543135687708855, 5.839615550939925e-05, 0.06418835371732712, 0.00016864259669091552, 0.0003546031075529754, 1.1092592103523202e-05, 0.01048989873379469, 0.007080891169607639]",0.0037177471385803
12199,12199,12199,The tailors whom the athletes hate sing.,filler,-,absent,no,plural,pos,,"['The', 'Ġtail', 'ors', 'Ġwhom', 'Ġthe', 'Ġathletes', 'Ġhate', 'Ġsing', '.', '<|endoftext|>']","[0.037699710577726364, 5.583306847256608e-05, 0.01939290016889572, 0.0001654741499805823, 0.09310536831617355, 6.736192153766751e-05, 0.0005205745692364872, 1.0236453817924485e-05, 0.03844019025564194, 0.007954823784530163]",0.0042376991768833
2316,2316,2316,The teacher who hate the plumber runs.,filler,-,absent,yes,singular,number,,"['The', 'Ġteacher', 'Ġwho', 'Ġhate', 'Ġthe', 'Ġpl', 'umber', 'Ġruns', '.', '<|endoftext|>']","[0.037699710577726364, 7.631941116414964e-05, 0.1632567197084427, 4.214547061565099e-06, 0.05313814431428909, 5.939727634540759e-05, 0.09472537040710449, 0.00016402991604991257, 0.0011394970351830125, 0.005550269968807697]",0.0033448835019953
15052,15052,15052,The authors who dislikes the tailors swim.,filler,-,absent,yes,plural,number,,"['The', 'Ġauthors', 'Ġwho', 'Ġdisl', 'ikes', 'Ġthe', 'Ġtail', 'ors', 'Ġswim', '.', '<|endoftext|>']","[0.037699710577726364, 0.0003633863525465131, 0.00041055356268770993, 9.77391096057545e-07, 0.06554130464792252, 0.13507843017578125, 2.0512903574854136e-05, 0.021654821932315826, 4.245172476657899e-06, 0.00550426309928298, 0.0031244128476828337]",0.0031244128476828
11462,11462,11462,The teacher that detests the man runs.,filler,-,absent,no,singular,number,,"['The', 'Ġteacher', 'Ġthat', 'Ġdet', 'ests', 'Ġthe', 'Ġman', 'Ġruns', '.', '<|endoftext|>']","[0.037699710577726364, 7.631941116414964e-05, 0.0032341359183192253, 2.3570790290250443e-05, 0.21294477581977844, 0.10761506855487823, 0.0031826351769268513, 5.071223858976737e-05, 0.0022895170841366053, 0.003995056729763746]",0.003208385547623
7023,7023,7023,The chefs who detest the actors swim.,filler,-,absent,no,plural,number,,"['The', 'Ġchefs', 'Ġwho', 'Ġdet', 'est', 'Ġthe', 'Ġactors', 'Ġswim', '.', '<|endoftext|>']","[0.037699710577726364, 6.014487553329673e-06, 0.07320870459079742, 8.897045518097002e-06, 0.6598738431930542, 0.16756105422973633, 8.385018190892879e-06, 6.136903721198905e-06, 0.001933933119289577, 0.0048614623956382275]",0.0033976977574639
36,36,36,The woman whom loves the waiter prays.,filler,-,absent,yes,singular,pos,,"['The', 'Ġwoman', 'Ġwhom', 'Ġloves', 'Ġthe', 'Ġwaiter', 'Ġpr', 'ays', '.', '<|endoftext|>']","[0.037699710577726364, 0.0005347932456061244, 0.0018204250372946262, 3.426925559324445e-06, 0.03616608306765556, 2.2641190298600122e-05, 1.5455625543836504e-05, 0.22441142797470093, 0.03550419956445694, 0.004682361613959074]",0.0032513933256268
9032,9032,9032,The actors whom detest the men pray.,filler,-,absent,yes,plural,pos,,"['The', 'Ġactors', 'Ġwhom', 'Ġdet', 'est', 'Ġthe', 'Ġmen', 'Ġpray', '.', '<|endoftext|>']","[0.037699710577726364, 2.6195199097855948e-05, 0.0002961441350635141, 2.0053080334037077e-06, 0.38773784041404724, 0.14893470704555511, 0.0006564983632415533, 4.9168116674991325e-05, 0.017220133915543556, 0.005349016282707453]",0.0030027573229745
11166,11166,11166,The teacher whom the banker likes prays.,filler,-,absent,no,singular,pos,,"['The', 'Ġteacher', 'Ġwhom', 'Ġthe', 'Ġbanker', 'Ġlikes', 'Ġpr', 'ays', '.', '<|endoftext|>']","[0.037699710577726364, 7.631941116414964e-05, 0.00055845663882792, 0.09237094968557358, 1.6653350030537695e-05, 0.00031226358260028064, 8.842233000905253e-06, 0.12927386164665222, 0.017419928684830666, 0.006497493479400873]",0.0035279750591143
14450,14450,14450,The men whom the lawyers detest cook.,filler,-,absent,no,plural,pos,,"['The', 'Ġmen', 'Ġwhom', 'Ġthe', 'Ġlawyers', 'Ġdet', 'est', 'Ġcook', '.', '<|endoftext|>']","[0.037699710577726364, 0.0004322997701819986, 0.00021890342759434134, 0.10608495771884918, 0.0009906090563163161, 1.009529751172522e-05, 0.36167067289352417, 1.928073970702826e-06, 0.027845676988363266, 0.006349982228130102]",0.0036702956422232
8577,8577,8577,The waiter who love the chef smokes.,filler,-,absent,yes,singular,number,,"['The', 'Ġwaiter', 'Ġwho', 'Ġlove', 'Ġthe', 'Ġchef', 'Ġsmokes', '.', '<|endoftext|>']","[0.037699710577726364, 8.850534868543036e-06, 0.06101249158382416, 6.6189909375680145e-06, 0.02048579975962639, 0.00139163201674819, 7.1809008659329265e-06, 0.021207483485341072, 0.003421379253268242]",0.0034213792532682
360,360,360,The men who likes the actors pray.,filler,-,absent,yes,plural,number,,"['The', 'Ġmen', 'Ġwho', 'Ġlikes', 'Ġthe', 'Ġactors', 'Ġpray', '.', '<|endoftext|>']","[0.037699710577726364, 0.0004322997701819986, 0.04050594940781593, 1.113485382120416e-06, 0.023610692471265793, 1.5753366824355908e-05, 1.9222512491978705e-05, 0.03354015573859215, 0.0036247142124921083]",0.0036247142124921
12454,12454,12454,The barber who detests the farmer runs.,filler,-,absent,no,singular,number,,"['The', 'Ġbar', 'ber', 'Ġwho', 'Ġdet', 'ests', 'Ġthe', 'Ġfarmer', 'Ġruns', '.', '<|endoftext|>']","[0.037699710577726364, 0.00015501985035371035, 0.04543135687708855, 0.016085010021924973, 5.0687096518231556e-05, 0.44456905126571655, 0.12691380083560944, 2.3962260456755757e-05, 0.00010848169040400535, 0.0009739201632328331, 0.003354845568537712]",0.0033548455685377
1802,1802,1802,The bakers who hate the women run.,filler,-,absent,no,plural,number,,"['The', 'Ġb', 'akers', 'Ġwho', 'Ġhate', 'Ġthe', 'Ġwomen', 'Ġrun', '.', '<|endoftext|>']","[0.037699710577726364, 0.00015020568389445543, 0.006068031303584576, 0.025861922651529312, 0.00034115638118237257, 0.10801565647125244, 0.0007121819071471691, 0.00010893120634136721, 0.0010379751911386847, 0.005274048540741205]",0.0031560118659399
5631,5631,5631,The tailor whom detests the baker sings.,filler,-,absent,yes,singular,pos,,"['The', 'Ġtailor', 'Ġwhom', 'Ġdet', 'ests', 'Ġthe', 'Ġbaker', 'Ġsings', '.', '<|endoftext|>']","[0.037699710577726364, 2.2267468011705205e-06, 0.0003600773634389043, 1.9575404621718917e-06, 0.33180540800094604, 0.1497168093919754, 4.387807712191716e-05, 1.391566820529988e-05, 0.01701224222779274, 0.005745578557252884]",0.0030528279603458
2119,2119,2119,The tailors whom hate the vets pray.,filler,-,absent,yes,plural,pos,,"['The', 'Ġtail', 'ors', 'Ġwhom', 'Ġhate', 'Ġthe', 'Ġvets', 'Ġpray', '.', '<|endoftext|>']","[0.037699710577726364, 5.583306847256608e-05, 0.01939290016889572, 0.0001654741499805823, 2.2041745978640392e-05, 0.09736759960651398, 2.1872552679269575e-05, 9.270965165342204e-06, 0.012192377820611, 0.0057595353573560715]",0.0029625047536683
6213,6213,6213,The banker whom the woman hates prays.,filler,-,absent,no,singular,pos,,"['The', 'Ġbanker', 'Ġwhom', 'Ġthe', 'Ġwoman', 'Ġhates', 'Ġpr', 'ays', '.', '<|endoftext|>']","[0.037699710577726364, 6.095932803873438e-06, 0.0007395526627078652, 0.08236038684844971, 0.0010712100192904472, 4.463677396415733e-05, 6.031351404089946e-06, 0.35413727164268494, 0.03452940657734871, 0.007359255105257034]",0.0042152325622737
9757,9757,9757,The actors whom the plumbers like sing.,filler,-,absent,no,plural,pos,,"['The', 'Ġactors', 'Ġwhom', 'Ġthe', 'Ġpl', 'umbers', 'Ġlike', 'Ġsing', '.', '<|endoftext|>']","[0.037699710577726364, 2.6195199097855948e-05, 0.0002961441350635141, 0.07306697219610214, 2.3205358957056887e-05, 0.06776899844408035, 0.001512574264779687, 2.1481106159626506e-05, 0.005128424149006605, 0.0060526346787810326]",0.0033204992068931
